Subject,Rsq,Rsq_adjusted,Corr_XY,No_points_lambda_z,Lambda_z,Lambda_z_lower,Lambda_z_upper,HL_Lambda_z,Tlag,Tmax,Cmax,Cmax_D,Tlast,Clast,AUClast,AUCall,AUCINF_obs,AUCINF_D_obs,AUC_%Extrap_obs,Vz_F_obs,Cl_F_obs,AUCINF_pred,AUCINF_D_pred,AUC_%Extrap_pred,Vz_F_pred,Cl_F_pred,AUMClast,AUMCINF_obs,AUMC_%Extrap_obs,AUMCINF_pred,AUMC_%Extrap_pred,MRTlast,MRTINF_obs,MRTINF_pred
1,0.997066727,0.994133455,-0.998532287,3,0.158320482,5,8,4.378127012,0,0.25,1.5,0.06,8,0.05,1.74125,1.74125,2.057065106,0.082282604,15.35270349,76.76351746,12.15323712,2.058634748,0.08234539,15.41724428,76.70498779,12.14397067,3.27125,7.792554481,58.02082606,7.815025944,58.14153371,1.87867911,3.788190493,3.796217834
2,0.947669112,0.94019327,-0.97348298,9,0.30228002,0.75,8,2.29306317,0,0.25,2.03,0.0812,8,0.08,2.9325,2.9325,3.197155269,0.127886211,8.277835978,25.86823743,7.819451323,3.179806816,0.127192273,7.777416371,26.00936988,7.862112841,6.39875,9.391522297,31.86674324,9.195342676,30.41314255,2.182011935,2.937462058,2.891792869
3,0.875826052,0.860304308,-0.935855786,10,0.421892649,0.5,8,1.642946808,0,0.25,2.72,0.1088,8,0.08,2.93375,2.93375,3.123371697,0.124934868,6.071057671,18.97205522,8.004170629,3.028495848,0.121139834,3.128478702,19.56640633,8.254922991,5.00625,6.972678426,28.20190902,5.988790136,16.40632104,1.706433745,2.232420314,1.977480055
4,0.867117935,0.850507677,-0.931191675,10,0.42907615,0.5,8,1.615440942,0,0.25,1.85,0.074,8,0.07,2.4775,2.4775,2.640641205,0.105625648,6.178090543,22.06460908,9.467397523,2.557788434,0.102311537,3.138978687,22.77933356,9.77406875,4.381875,6.067219674,27.77787462,5.211301782,15.91592305,1.768668012,2.29763122,2.037424876
5,0.875244222,0.854451592,-0.93554488,8,0.252747784,1,8,2.742446122,0,0.25,2.05,0.082,8,0.06,1.95375,1.95375,2.191140805,0.087645632,10.83411913,45.14216306,11.40958168,2.149880267,0.085995211,9.122846031,46.00853222,11.62855457,3.7075,6.545866348,43.36120228,6.052534164,38.74466629,1.897632758,2.987423872,2.815288953
6,0.903953809,0.890232924,-0.950764855,9,0.353520521,0.75,8,1.960698569,0,0.25,2.31,0.0924,8,0.09,2.8725,2.8725,3.127082109,0.125083284,8.141203216,22.61445338,7.994673349,3.031592512,0.1212637,5.247819805,23.32676713,8.246490879,5.5325,8.289290767,33.2572574,7.255263513,23.74501643,1.926022628,2.650806879,2.393218575
