Subject,Rsq,Rsq_adjusted,Corr_XY,No_points_lambda_z,Lambda_z,Lambda_z_lower,Lambda_z_upper,HL_Lambda_z,Tlag,Tmax,Cmax,Cmax_D,Tlast,Clast,AUClast,AUCall,AUCINF_obs,AUCINF_D_obs,AUC_%Extrap_obs,Vz_F_obs,Cl_F_obs,AUCINF_pred,AUCINF_D_pred,AUC_%Extrap_pred,Vz_F_pred,Cl_F_pred,AUMClast,AUMCINF_obs,AUMC_%Extrap_obs,AUMCINF_pred,AUMC_%Extrap_pred,MRTlast,MRTINF_obs,MRTINF_pred
1,0.997066727,0.994133455,-0.998532287,3,0.158320482,5,8,4.378127012,0,0.25,1.5,0.06,8,0.05,1.71936529,1.71936529,2.035180396,0.081407216,15.51779425,77.58897123,12.28392335,2.036750038,0.081470002,15.58290129,77.52917652,12.27445663,3.296554323,7.817858804,57.83302812,7.840330267,57.95388446,1.917308871,3.841359133,3.849431752
2,0.947669112,0.94019327,-0.97348298,9,0.30228002,0.75,8,2.29306317,0,0.25,2.03,0.0812,8,0.08,2.8891436,2.8891436,3.153798869,0.126151955,8.391634348,26.22385734,7.926948116,3.136450415,0.125458017,7.884926688,26.36890773,7.970793951,6.408261966,9.401034263,31.83450047,9.204854642,30.3817147,2.218048963,2.980860433,2.934799988
3,0.875826052,0.860304308,-0.935855786,10,0.421892649,0.5,8,1.642946808,0,0.25,2.72,0.1088,8,0.08,2.881711339,2.881711339,3.071333036,0.122853321,6.173921707,19.29350534,8.139788069,2.976457186,0.119058287,3.18317522,19.90849409,8.399247305,5.03533825,7.001766676,28.08474656,6.017878386,16.32701881,1.74734304,2.279715874,2.021825953
4,0.867117935,0.850507677,-0.931191675,10,0.42907615,0.5,8,1.615440942,0,0.25,1.85,0.074,8,0.07,2.444245862,2.444245862,2.607387067,0.104295483,6.256884779,22.34601707,9.588142979,2.524534296,0.100981372,3.180326522,23.07939171,9.902816546,4.399045273,6.084389947,27.69948488,5.228472055,15.86365525,1.799755639,2.33352003,2.071063983
5,0.875244222,0.854451592,-0.93554488,8,0.252747784,1,8,2.742446122,0,0.25,2.05,0.082,8,0.06,1.921198431,1.921198431,2.158589236,0.086343569,10.99749787,45.82290779,11.58163841,2.117328697,0.084693148,9.263099623,46.71586213,11.80733064,3.72997414,6.568340488,43.21283821,6.075008304,38.60133265,1.941483025,3.042885779,2.869185267
6,0.903953809,0.890232924,-0.950764855,9,0.353520521,0.75,8,1.960698569,0,0.25,2.31,0.0924,8,0.09,2.841313828,2.841313828,3.095895937,0.123835837,8.223212744,22.84225762,8.075206825,3.00040634,0.120016254,5.302365554,23.56922515,8.332204764,5.577567172,8.334357938,33.07742225,7.300330684,23.59843119,1.963023978,2.692066564,2.433114004
